{
    "name": "root",
    "gauges": {
        "FastHQ.Policy.Entropy.mean": {
            "value": -1.1920928244535389e-07,
            "min": -1.1920928244535389e-07,
            "max": 0.0004662663850467652,
            "count": 7
        },
        "FastHQ.Policy.Entropy.sum": {
            "value": -0.0028610227163881063,
            "min": -0.0028610227163881063,
            "max": 11.190393447875977,
            "count": 7
        },
        "FastHQ.Step.mean": {
            "value": 167976.0,
            "min": 23976.0,
            "max": 167976.0,
            "count": 7
        },
        "FastHQ.Step.sum": {
            "value": 167976.0,
            "min": 23976.0,
            "max": 167976.0,
            "count": 7
        },
        "FastHQ.Policy.ExtrinsicValueEstimate.mean": {
            "value": 3.475844144821167,
            "min": 2.1471259593963623,
            "max": 60.078678131103516,
            "count": 7
        },
        "FastHQ.Policy.ExtrinsicValueEstimate.sum": {
            "value": 1390.337646484375,
            "min": 858.850341796875,
            "max": 23971.392578125,
            "count": 7
        },
        "FastHQ.Losses.PolicyLoss.mean": {
            "value": 0.25248643829196105,
            "min": 0.25027213121687597,
            "max": 0.25443447669897473,
            "count": 7
        },
        "FastHQ.Losses.PolicyLoss.sum": {
            "value": 5.049728765839221,
            "min": 4.773384044713907,
            "max": 5.088689533979495,
            "count": 7
        },
        "FastHQ.Losses.ValueLoss.mean": {
            "value": 0.6751977851872331,
            "min": 0.6751977851872331,
            "max": 37.128258360575444,
            "count": 7
        },
        "FastHQ.Losses.ValueLoss.sum": {
            "value": 13.503955703744662,
            "min": 13.503955703744662,
            "max": 705.4369088509334,
            "count": 7
        },
        "FastHQ.Policy.LearningRate.mean": {
            "value": 0.00029065440311519997,
            "min": 0.00029065440311519997,
            "max": 0.00029925726340547363,
            "count": 7
        },
        "FastHQ.Policy.LearningRate.sum": {
            "value": 0.005813088062304,
            "min": 0.005685888004703999,
            "max": 0.005957088014304,
            "count": 7
        },
        "FastHQ.Policy.Epsilon.mean": {
            "value": 0.19688480000000003,
            "min": 0.19688480000000003,
            "max": 0.19975242105263158,
            "count": 7
        },
        "FastHQ.Policy.Epsilon.sum": {
            "value": 3.9376960000000008,
            "min": 3.795296,
            "max": 3.9856960000000003,
            "count": 7
        },
        "FastHQ.Policy.Beta.mean": {
            "value": 0.0005000000000000001,
            "min": 0.0005000000000000001,
            "max": 0.0005000000000000001,
            "count": 7
        },
        "FastHQ.Policy.Beta.sum": {
            "value": 0.010000000000000002,
            "min": 0.009500000000000001,
            "max": 0.010000000000000002,
            "count": 7
        },
        "FastHQ.Environment.EpisodeLength.mean": {
            "value": 599.0,
            "min": 599.0,
            "max": 599.0,
            "count": 7
        },
        "FastHQ.Environment.EpisodeLength.sum": {
            "value": 23960.0,
            "min": 23960.0,
            "max": 23960.0,
            "count": 7
        },
        "FastHQ.Environment.CumulativeReward.mean": {
            "value": -0.3100000023841858,
            "min": -0.3100000023841858,
            "max": -0.3100000023841858,
            "count": 7
        },
        "FastHQ.Environment.CumulativeReward.sum": {
            "value": -12.400000095367432,
            "min": -12.400000095367432,
            "max": -12.090000092983246,
            "count": 7
        },
        "FastHQ.Policy.ExtrinsicReward.mean": {
            "value": -0.3100000023841858,
            "min": -0.3100000023841858,
            "max": -0.3100000023841858,
            "count": 7
        },
        "FastHQ.Policy.ExtrinsicReward.sum": {
            "value": -12.400000095367432,
            "min": -12.400000095367432,
            "max": -12.090000092983246,
            "count": 7
        },
        "FastHQ.IsTraining.mean": {
            "value": 1.0,
            "min": 1.0,
            "max": 1.0,
            "count": 7
        },
        "FastHQ.IsTraining.sum": {
            "value": 1.0,
            "min": 1.0,
            "max": 1.0,
            "count": 7
        }
    },
    "metadata": {
        "timer_format_version": "0.1.0",
        "start_time_seconds": "1729454469",
        "python_version": "3.10.11 (tags/v3.10.11:7d4cc5a, Apr  5 2023, 00:38:17) [MSC v.1929 64 bit (AMD64)]",
        "command_line_arguments": "C:\\Users\\fireb\\Documents\\Unity Workspace\\FactionsTool\\venv\\Scripts\\mlagents-learn Config/Builder.yaml --run-id=Buil3",
        "mlagents_version": "1.1.0",
        "mlagents_envs_version": "1.1.0",
        "communication_protocol_version": "1.5.0",
        "pytorch_version": "2.2.2+cu121",
        "numpy_version": "1.23.5",
        "end_time_seconds": "1729456353"
    },
    "total": 1883.647981099988,
    "count": 1,
    "self": 0.011697999987518415,
    "children": {
        "run_training.setup": {
            "total": 0.14054500000202097,
            "count": 1,
            "self": 0.14054500000202097
        },
        "TrainerController.start_learning": {
            "total": 1883.4957380999986,
            "count": 1,
            "self": 0.27385920254164375,
            "children": {
                "TrainerController._reset_env": {
                    "total": 34.71877089998452,
                    "count": 1,
                    "self": 34.71877089998452
                },
                "TrainerController.advance": {
                    "total": 1848.1353444974811,
                    "count": 8723,
                    "self": 0.27995699740131386,
                    "children": {
                        "env_step": {
                            "total": 643.65038190005,
                            "count": 8723,
                            "self": 590.3278380017437,
                            "children": {
                                "SubprocessEnvManager._take_step": {
                                    "total": 53.13414789890521,
                                    "count": 8723,
                                    "self": 0.9907607012137305,
                                    "children": {
                                        "TorchPolicy.evaluate": {
                                            "total": 52.14338719769148,
                                            "count": 8721,
                                            "self": 52.14338719769148
                                        }
                                    }
                                },
                                "workers": {
                                    "total": 0.1883959994011093,
                                    "count": 8722,
                                    "self": 0.0,
                                    "children": {
                                        "worker_root": {
                                            "total": 1350.7354214982188,
                                            "count": 8722,
                                            "is_parallel": true,
                                            "self": 1283.478875595698,
                                            "children": {
                                                "steps_from_proto": {
                                                    "total": 0.007431100006215274,
                                                    "count": 1,
                                                    "is_parallel": true,
                                                    "self": 0.0018807000014930964,