{
    "name": "root",
    "gauges": {
        "FastHQ.Policy.Entropy.mean": {
            "value": -1.1920928244535389e-07,
            "min": -1.1920928244535389e-07,
            "max": 0.010085146874189377,
            "count": 2
        },
        "FastHQ.Policy.Entropy.sum": {
            "value": -0.002845525508746505,
            "min": -0.002845525508746505,
            "max": 252.73377990722656,
            "count": 2
        },
        "FastHQ.Step.mean": {
            "value": 47940.0,
            "min": 23970.0,
            "max": 47940.0,
            "count": 2
        },
        "FastHQ.Step.sum": {
            "value": 47940.0,
            "min": 23970.0,
            "max": 47940.0,
            "count": 2
        },
        "FastHQ.Policy.ExtrinsicValueEstimate.mean": {
            "value": -48.80967712402344,
            "min": -48.80967712402344,
            "max": 207.25457763671875,
            "count": 2
        },
        "FastHQ.Policy.ExtrinsicValueEstimate.sum": {
            "value": -24990.5546875,
            "min": -24990.5546875,
            "max": 81451.046875,
            "count": 2
        },
        "FastHQ.Losses.PolicyLoss.mean": {
            "value": 0.2466871086211486,
            "min": 0.2466871086211486,
            "max": 0.2506528056631567,
            "count": 2
        },
        "FastHQ.Losses.PolicyLoss.sum": {
            "value": 11.840981213815132,
            "min": 6.015667335915761,
            "max": 11.840981213815132,
            "count": 2
        },
        "FastHQ.Losses.ValueLoss.mean": {
            "value": 1.4299050733022038,
            "min": 1.4299050733022038,
            "max": 933.0879044908532,
            "count": 2
        },
        "FastHQ.Losses.ValueLoss.sum": {
            "value": 68.63544351850578,
            "min": 68.63544351850578,
            "max": 22394.109707780477,
            "count": 2
        },
        "FastHQ.Policy.LearningRate.mean": {
            "value": 0.0002978103882298708,
            "min": 0.0002978103882298708,
            "max": 0.00029914672528442494,
            "count": 2
        },
        "FastHQ.Policy.LearningRate.sum": {
            "value": 0.014294898635033798,
            "min": 0.007179521406826199,
            "max": 0.014294898635033798,
            "count": 2
        },
        "FastHQ.Policy.Epsilon.mean": {
            "value": 0.19927012916666667,
            "min": 0.19927012916666667,
            "max": 0.199715575,
            "count": 2
        },
        "FastHQ.Policy.Epsilon.sum": {
            "value": 9.5649662,
            "min": 4.7931738,
            "max": 9.5649662,
            "count": 2
        },
        "FastHQ.Policy.Beta.mean": {
            "value": 0.0005000000000000001,
            "min": 0.0005000000000000001,
            "max": 0.0005000000000000001,
            "count": 2
        },
        "FastHQ.Policy.Beta.sum": {
            "value": 0.024000000000000007,
            "min": 0.012000000000000004,
            "max": 0.024000000000000007,
            "count": 2
        },
        "FastHQ.Environment.EpisodeLength.mean": {
            "value": 91.92,
            "min": 91.92,
            "max": 148.91666666666666,
            "count": 2
        },
        "FastHQ.Environment.EpisodeLength.sum": {
            "value": 22980.0,
            "min": 17870.0,
            "max": 22980.0,
            "count": 2
        },
        "FastHQ.Environment.CumulativeReward.mean": {
            "value": 0.10194540951502462,
            "min": -6.001770046959936,
            "max": 0.10194540951502462,
            "count": 2
        },
        "FastHQ.Environment.CumulativeReward.sum": {
            "value": 26.199970245361328,
            "min": -678.2000153064728,
            "max": 26.199970245361328,
            "count": 2
        },
        "FastHQ.Policy.ExtrinsicReward.mean": {
            "value": 0.10194540951502462,
            "min": -6.001770046959936,
            "max": 0.10194540951502462,
            "count": 2
        },
        "FastHQ.Policy.ExtrinsicReward.sum": {
            "value": 26.199970245361328,
            "min": -678.2000153064728,
            "max": 26.199970245361328,
            "count": 2
        },
        "FastHQ.IsTraining.mean": {
            "value": 1.0,
            "min": 1.0,
            "max": 1.0,
            "count": 2
        },
        "FastHQ.IsTraining.sum": {
            "value": 1.0,
            "min": 1.0,
            "max": 1.0,
            "count": 2
        }
    },
    "metadata": {
        "timer_format_version": "0.1.0",
        "start_time_seconds": "1729458942",
        "python_version": "3.10.11 (tags/v3.10.11:7d4cc5a, Apr  5 2023, 00:38:17) [MSC v.1929 64 bit (AMD64)]",
        "command_line_arguments": "C:\\Users\\fireb\\Documents\\Unity Workspace\\FactionsTool\\venv\\Scripts\\mlagents-learn Config\\Builder.yaml --run-id=NewBuild2",
        "mlagents_version": "1.1.0",
        "mlagents_envs_version": "1.1.0",
        "communication_protocol_version": "1.5.0",
        "pytorch_version": "2.2.2+cu121",
        "numpy_version": "1.23.5",
        "end_time_seconds": "1729459655"
    },
    "total": 712.6619798000029,
    "count": 1,
    "self": 10.014233199995942,
    "children": {
        "run_training.setup": {
            "total": 0.07597340000211261,
            "count": 1,
            "self": 0.07597340000211261
        },
        "TrainerController.start_learning": {
            "total": 702.5717732000048,
            "count": 1,
            "self": 0.2418609005981125,
            "children": {
                "TrainerController._reset_env": {
                    "total": 33.127026100002695,
                    "count": 1,
                    "self": 33.127026100002695
                },
                "TrainerController.advance": {
                    "total": 668.9606409994012,
                    "count": 7071,
                    "self": 0.21273590016062371,
                    "children": {
                        "env_step": {
                            "total": 167.67720239949995,
                            "count": 7071,
                            "self": 134.74612920018262,
                            "children": {
                                "SubprocessEnvManager._take_step": {
                                    "total": 32.783985100191785,
                                    "count": 7074,
                                    "self": 0.5813022007641848,
                                    "children": {
                                        "TorchPolicy.evaluate": {
                                            "total": 32.2026828994276,
                                            "count": 5510,
                                            "self": 32.2026828994276
                                        }
                                    }
                                },
                                "workers": {
                                    "total": 0.14708809912553988,
                                    "count": 7070,
                                    "self": 0.0,
                                    "children": {
                                        "worker_root": {
                                            "total": 600.5447113992414,
                                            "count": 7070,
                                            "is_parallel": true,
                                            "self": 551.3815582992102,
                                            "children": {
                                                "steps_from_proto": {
                                                    "total": 0.002990199951454997,
                                                    "count": 4,
                                                    "is_parallel": true,
                                                    "self": 0.001544599945191294,