{
    "name": "root",
    "gauges": {
        "FastHQ.Policy.Entropy.mean": {
            "value": -1.1920928244535389e-07,
            "min": -1.1920928244535389e-07,
            "max": 0.018133163452148438,
            "count": 7
        },
        "FastHQ.Policy.Entropy.sum": {
            "value": -0.0027656552847474813,
            "min": -0.0030708310659974813,
            "max": 468.5609436035156,
            "count": 7
        },
        "FastHQ.Step.mean": {
            "value": 167952.0,
            "min": 23984.0,
            "max": 167952.0,
            "count": 7
        },
        "FastHQ.Step.sum": {
            "value": 167952.0,
            "min": 23984.0,
            "max": 167952.0,
            "count": 7
        },
        "FastHQ.Policy.ExtrinsicValueEstimate.mean": {
            "value": -2.568720817565918,
            "min": -3.7504169940948486,
            "max": 38.38211441040039,
            "count": 7
        },
        "FastHQ.Policy.ExtrinsicValueEstimate.sum": {
            "value": -1058.31298828125,
            "min": -1552.672607421875,
            "max": 15775.048828125,
            "count": 7
        },
        "FastHQ.Losses.PolicyLoss.mean": {
            "value": 0.25187839153860975,
            "min": 0.2516450241640241,
            "max": 0.2536098292497978,
            "count": 7
        },
        "FastHQ.Losses.PolicyLoss.sum": {
            "value": 2.5187839153860976,
            "min": 2.516450241640241,
            "max": 2.7797743660935863,
            "count": 7
        },
        "FastHQ.Losses.ValueLoss.mean": {
            "value": 0.3686845138189314,
            "min": 0.2318613209991936,
            "max": 146.35027208126934,
            "count": 7
        },
        "FastHQ.Losses.ValueLoss.sum": {
            "value": 3.686845138189314,
            "min": 2.318613209991936,
            "max": 1463.5027208126935,
            "count": 7
        },
        "FastHQ.Policy.LearningRate.mean": {
            "value": 0.0029059200031360003,
            "min": 0.0029059200031360003,
            "max": 0.00299222880025904,
            "count": 7
        },
        "FastHQ.Policy.LearningRate.sum": {
            "value": 0.02905920003136,
            "min": 0.02905920003136,
            "max": 0.0324473760184208,
            "count": 7
        },
        "FastHQ.Policy.Epsilon.mean": {
            "value": 0.390592,
            "min": 0.390592,
            "max": 0.3992228800000001,
            "count": 7
        },
        "FastHQ.Policy.Epsilon.sum": {
            "value": 3.90592,
            "min": 3.90592,
            "max": 4.3447376,
            "count": 7
        },
        "FastHQ.Policy.Beta.mean": {
            "value": 5.000000000000001e-05,
            "min": 5.000000000000001e-05,
            "max": 5.0000000000000016e-05,
            "count": 7
        },
        "FastHQ.Policy.Beta.sum": {
            "value": 0.0005000000000000001,
            "min": 0.0005000000000000001,
            "max": 0.0005500000000000001,
            "count": 7
        },
        "FastHQ.Environment.EpisodeLength.mean": {
            "value": 115.0,
            "min": 115.0,
            "max": 115.4,
            "count": 7
        },
        "FastHQ.Environment.EpisodeLength.sum": {
            "value": 23000.0,
            "min": 23000.0,
            "max": 27600.0,
            "count": 7
        },
        "FastHQ.Environment.CumulativeReward.mean": {
            "value": -2.1000003814697266,
            "min": -2.1000004768371583,
            "max": -2.1000003814697266,
            "count": 7
        },
        "FastHQ.Environment.CumulativeReward.sum": {
            "value": -420.0000762939453,
            "min": -453.60008239746094,
            "max": -420.0000762939453,
            "count": 7
        },
        "FastHQ.Policy.ExtrinsicReward.mean": {
            "value": -2.1000003814697266,
            "min": -2.1000004768371583,
            "max": -2.1000003814697266,
            "count": 7
        },
        "FastHQ.Policy.ExtrinsicReward.sum": {
            "value": -420.0000762939453,
            "min": -453.60008239746094,
            "max": -420.0000762939453,
            "count": 7
        },
        "FastHQ.IsTraining.mean": {
            "value": 1.0,
            "min": 1.0,
            "max": 1.0,
            "count": 7
        },
        "FastHQ.IsTraining.sum": {
            "value": 1.0,
            "min": 1.0,
            "max": 1.0,
            "count": 7
        }
    },
    "metadata": {
        "timer_format_version": "0.1.0",
        "start_time_seconds": "1729462808",
        "python_version": "3.10.11 (tags/v3.10.11:7d4cc5a, Apr  5 2023, 00:38:17) [MSC v.1929 64 bit (AMD64)]",
        "command_line_arguments": "C:\\Users\\fireb\\Documents\\Unity Workspace\\FactionsTool\\venv\\Scripts\\mlagents-learn Config\\Builder.yaml --run-id=NewBuild6",
        "mlagents_version": "1.1.0",
        "mlagents_envs_version": "1.1.0",
        "communication_protocol_version": "1.5.0",
        "pytorch_version": "2.2.2+cu121",
        "numpy_version": "1.23.5",
        "end_time_seconds": "1729464239"
    },
    "total": 1430.7693582999927,
    "count": 1,
    "self": 0.012626899988390505,
    "children": {
        "run_training.setup": {
            "total": 0.0680376999953296,
            "count": 1,
            "self": 0.0680376999953296
        },
        "TrainerController.start_learning": {
            "total": 1430.688693700009,
            "count": 1,
            "self": 0.14959629919030704,
            "children": {
                "TrainerController._reset_env": {
                    "total": 34.57557720001205,
                    "count": 1,
                    "self": 34.57557720001205
                },
                "TrainerController.advance": {
                    "total": 1395.713598000788,
                    "count": 4449,
                    "self": 0.16148160069133155,
                    "children": {
                        "env_step": {
                            "total": 140.68630289990688,
                            "count": 4449,
                            "self": 112.95175269964966,
                            "children": {
                                "SubprocessEnvManager._take_step": {
                                    "total": 27.623698400420835,
                                    "count": 4449,
                                    "self": 0.5979242016328499,
                                    "children": {
                                        "TorchPolicy.evaluate": {
                                            "total": 27.025774198787985,
                                            "count": 4411,
                                            "self": 27.025774198787985
                                        }
                                    }
                                },
                                "workers": {
                                    "total": 0.11085179983638227,
                                    "count": 4448,
                                    "self": 0.0,
                                    "children": {
                                        "worker_root": {
                                            "total": 1335.6856861993147,
                                            "count": 4448,
                                            "is_parallel": true,
                                            "self": 1302.6792521986063,
                                            "children": {
                                                "steps_from_proto": {
                                                    "total": 0.001046299992594868,
                                                    "count": 1,
                                                    "is_parallel": true,
                                                    "self": 0.0003769999893847853,